Код_ИАТА	Внутр._код	Населённый_пункт	Регион	Название_аэропорта
VKO	ВНК	Москва, город		Внуково
DME	ДМД	Москва, город		Домодедово
OSF	ОСФ	Москва, город		Остафьево
ZIA	РНЦ	Москва, город		Жуковский
SVO	ШРМ	Москва, город		Шереметьево
ABA	АБН	Абакан, город	Хакасия	Абакан
	АХЛ	Айхал, пгт	Якутия	Айхал
ADH	АЛД	Алдан, город	Якутия	Алдан
AMV	АМД	Амдерма, посёлок	Ненецкий АО	Амдерма
DYR	АНЫ	Анадырь, город	Чукотский АО	Угольный
AAQ	АНА	Анапа, город	Краснодарский край	Анапа (Витязево)
KVK	АПХ	Апатиты, город	Мурманская область	Апатиты-Кировск
	ВСЬ	Архангельск, город	Архангельская область	Васьково (МВЛ)
ARH	АХГ	Архангельск, город	Архангельская область	Талаги
ASF	АСР	Астрахань, город	Астраханская область	Астрахань (Нариманово)
ACS	АЧН	Ачинск, город	Красноярский край	Ачинск
	АЯН	Аян, село	Хабаровский край	Аян (Мунук)
	БГД	Багдарин, село	Бурятия	Багдарин
	БКТ	Байкит, село	Красноярский край	Байкит
BXY	ЛНЙ	Байконур, город	Казахстан	Байконур (Крайний)
BAX	БАН	Барнаул, город	Алтайский край	Барнаул (Михайловка)
BGN	БЯГ	Белая Гора, пгт	Якутия	Белая Гора
EGO	БЕД	Белгород, город	Белгородская область	Белгород
EYK	БЛР	Белоярский, город	ХМАО	Белоярский
EZV	БЕР	Берёзово, пгт	ХМАО	Берёзово
	БНГ	Беринговский, пгт	Чукотский АО	Беринговский
KPW	КПМ	Билибино, город	Чукотский АО	Кепервеем
BQS	БГЩ	Благовещенск, город	Амурская область	Игнатьево
	БОВ	Бованенково	Ямало-Ненецкий АО	Бованенково
BQG	БГР	Богородское, село	Хабаровский край	Богородское
ODO	БДБ	Бодайбо	Иркутская область	Бодайбо
TGP	ПТС	Бор, посёлок	Красноярский край	Подкаменная Тунгуска
BTK	БРС	Братск, город	Иркутская область	Братск
BZK	БРЯ	Брянск	Брянская область	Брянск
UUA	БУГ	Бугульма	Татарстан	Бугульма
	БГГ	Бугуруслан	Оренбургская область	Бугуруслан (Главный)
VRI	ВРЙ	Варандей	Ненецкий АО	Варандей
VLU	ВЕК	Великие Луки	Псковская область	Великие Луки
VUS	ВЕУ	Великий Устюг	Вологодская область	Великий Устюг
TLK		Витим	Якутия	Талакан
VVO	ВВО	Владивосток, город	Приморский край	Кневичи
OGZ	ВЛА	Владикавказ, город	Северная Осетия	Беслан
	ВЛМ	Владимир, город	Владимирская область	Семязино (МВЛ)
VOG	ВГГ	Волгоград, город	Волгоградская область	Гумрак
VGD	ВГД	Вологда, город	Вологодская область	Вологда
VKT	ВКТ	Воркута, город	Коми	Воркута
	ЬУОД(?)	Воронеж, город	Воронежская область	Придача
VOZ	ВРН	Воронеж, город	Воронежская область	Чертовицкое
	ВТЛ	Вуктыл	Коми	Вуктыл
GDZ	ГДЖ	Геленджик, город	Краснодарский край	Геленджик
RGK	ГОР	Горно-Алтайск	Алтай	Горно-Алтайск
GRV	ГРН	Грозный, город	Чечня	Грозный
DKS	ДИК	Диксон	Красноярский край	Диксон
SVX	КЛЦ	Екатеринбург, город	Свердловская область	Кольцово
EIE	ЕНС	Енисейск	Красноярский край	Енисейск
ZIX	ЖИГ	Жиганск	Якутия	Жиганск
	ЗЕЯ	Зея	Амурская область	Зея
IWA	ИВВ	Иваново, город	Ивановская область	Иваново-Южный
IAA	ИГР	Игарка	Красноярский край	Игарка
IRM	ИРМ	Игрим	ХМАО	Игрим
IJK	ИЖВ	Ижевск, город	Удмуртия	Ижевск
INA	ИНТ	Инта	Коми	Инта
IKT	ИКТ	Иркутск, город	Иркутская область	Иркутск
ITU	ККУ	Итуруп	Сахалинская область	Итуруп
JOK	ИШО	Йошкар-Ола, город	Марий Эл	Йошкар-Ола
KZN	КЗН	Казань, город	Татарстан	Казань
KGD	КЛД	Калининград, город	Калининградская область	Храброво
KLF	КЛГ	Калуга, город	Калужская область	Калуга (Грабцево)
	КТЙ	Каратайка	Ненецкий АО	Каратайка
KEJ	КРВ	Кемерово, город	Кемеровская область	Кемерово
KVX	КИО	Киров, город	Кировская область	Победилово
KGP	КОГ	Когалым	Ханты-Мансийский АО	Когалым
		Комсомольск-на-Амуре, город	Хабаровский край	Дзёмги
KXK	КСЛ	Комсомольск-на-Амуре, город	Хабаровский край	Хурба
		Кондинское	Ханты-Мансийский АО	Кондинское
	КСШ	Костомукша	Карелия	Костомукша (МВЛ)
KMW	КОР	Кострома, город	Костромская область	Сокеркино
KSZ	КТС	Котлас, город	Архангельская область	Котлас
KRR	КПА	Краснодар, город	Краснодарский край	Пашковский
	ЭНЕ	Краснодар, город	Краснодарский край	Энем
	КНК	Краснокаменск	Забайкальский край	Краснокаменск
KJA	ЕМВ	Красноярск, город	Красноярский край	Емельяново
	КЯС	Красноярск, город	Красноярский край	Черемшанка
	КСЫ	Красный Кут	Саратовская область	Красный Кут
KRO	КГН	Курган	Курганская область	Курган
BVV	БУР	Курильск	Сахалинская область	Буревестник
URS	КУС	Курск, город	Курская область	Восточный
KYZ	КЫЫ	Кызыл	Тыва	Кызыл
LDG	ЛЕШ	Лешуконское	Архангельская область	Лешуконское
LPK	ЛИП	Липецк, город	Липецкая область	Липецк
	МГД	Магадан	Магаданская область	Магадан-13
GDX	МДС	Магадан	Магаданская область	Сокол
GDG	МДЧ	Магдагачи	Амурская область	Магдагачи
MQF	МГС	Магнитогорск	Челябинская область	Магнитогорск
		Мама, посёлок	Иркутская область	Мама
MCX	МХЛ	Махачкала, город	Дагестан	Уйташ
	МЗН	Мезень	Архангельская область	Мезень
MRV	МРВ	Минеральные Воды, город	Ставропольский край	Минеральные Воды
MJZ	МИР	Мирный, город	Якутия	Мирный
MMK	МУН	Мурманск, город	Мурманская область	Мурманск
	МШД	Мыс Шмидта	Чукотский АО	Мыс Шмидта
NYM	НДМ	Надым	Ямало-Ненецкий АО	Надым
IGT	ИНШ	Назрань	Ингушетия	Магас
NAL	НЧК	Нальчик, город	Кабардино-Балкария	Нальчик
NNM	ННР	Нарьян-Мар	Ненецкий АО	Нарьян-Мар
	НЛН	Нелькан	Хабаровский край	Нелькан
NER	НРГ	Нерюнгри	Якутия	Чульман
	НЖГ	Нижнеангарск	Бурятия	Нижнеангарск
NJC	НЖВ	Нижневартовск	Ханты-Мансийский АО	Нижневартовск
NBC	НЖК	Нижнекамск, город	Татарстан	Бегишево
GOJ	НЖС	Нижний Новгород	Нижегородская область	Стригино
NLI	НЛК	Николаевск-на-Амуре	Хабаровский край	Николаевск-на-Амуре
	НИК	Никольское	Камчатский край	Никольское
NOZ	НВК	Новокузнецк	Кемеровская область	Спиченково
	НВЦ	Новосибирск, город	Новосибирская область	Ельцовка
OVB	ТЛЧ	Новосибирск, город	Новосибирская область	Толмачёво
NUX	НУР	Новый Уренгой	Ямало-Ненецкий АО	Новый Уренгой
NGK	НГЛ	Ноглики	Сахалинская область	Ноглики
NSK	НАК	Норильск	Красноярский край	Алыкель
NOJ	НОЯ	Ноябрьск	Ямало-Ненецкий АО	Ноябрьск
	НЮК	Нюксеница	Вологодская область	Нюксеница
NYA	НЯГ	Нягань	Ханты-Мансийский АО	Нягань
OKT	ОКТ	Октябрьский	Башкортостан	Октябрьский
OLZ	ОЛК	Олёкминск	Якутия	Олёкминск
	ОМВ	Омск, город	Омская область	Омск-Северный
OMS	ОМС	Омск, город	Омская область	Омск-Центральный
	ОНА	Онега	Архангельская область	Онега
REN	ОНГ	Оренбург, город	Оренбургская область	Оренбург-Центральный
OSW	ОСК	Орск	Оренбургская область	Орск
OHH	ОХА	Оха	Сахалинская область	Оха
OHO	ОХТ	Охотск	Хабаровский край	Охотск
	ПАН	Палана	Камчатский край	Палана
PWE	ПЕВ	Певек	Чукотский АО	Певек
PEZ	ПНА	Пенза, город	Пензенская область	Пенза
PEE	ПРЬ	Пермь, город	Пермский край	Большое Савино
PES	ПТБ	Петрозаводск	Карелия	Бесовец
	ПТД	Петрозаводск	Карелия	Пески
PKC	ПРЛ	Петропавловск-Камчатский	Камчатский край	Елизово
PEX	ПЧР	Печора	Коми	Печора
		Пионерный, вахтовый посёлок	Томская область	Пионерный[6][7]
PVS	ПРД	Провидения	Чукотский АО	Бухта Провидения
PKV	ПСК	Псков	Псковская область	Псков
	ПШН	Пушкин	Санкт-Петербург	Пушкин
ROV	РОВ	Ростов-на-Дону, город	Ростовская область	Платов
RYB	РБН	Рыбинск	Ярославская область	Староселье
SBT	СБТ	Сабетта	Ямало-Ненецкий АО	Сабетта
SLY	СХД	Салехард	Ямало-Ненецкий АО	Салехард
KUF	СКЧ	Самара, город	Самарская область	Курумоч
LED, RHV	ПЛК	Санкт-Петербург		Пулково , Ржевка (МВЛ)
SKX	СРН	Саранск	Мордовия	Саранск
RTW	СРО	Саратов, город	Саратовская область	Саратов-Центральный
		Сибай	Башкортостан	Сибай
SIP	СИП	Симферополь	Республика Крым	Симферополь
GVN	СОГ	Советская Гавань	Хабаровский край	Май-Гатка
OVS	СОЙ	Советский	ХМАО	Советский
CSH	СОИ	Соловецкие острова	Архангельская область	Соловки
AER	СОЧ	Сочи, город	Краснодарский край	Адлер-Сочи
STW	СТВ	Ставрополь, город	Ставропольский край	Шпаковское
	СОЛ	Старый Оскол	Белгородская область	Старый Оскол
SWT	СТЖ	Стрежевой	Томская область	Стрежевой
SUY	СУН	Сунтар	Якутия	Сунтар
SGC	СУР	Сургут	ХМАО	Сургут
SCW	СЫВ	Сыктывкар	Коми	Сыктывкар
TGK	ТАГ	Таганрог, город	Ростовская область	Таганрог-Южный
TBW	ТМБ	Тамбов, город	Тамбовская область	Донское
TQL	ТКС	Тарко-Сале	Ямало-Ненецкий АО	Тарко-Сале
	ТРЬ	Тверь, город	Тверская область	Змеёво
KLD	ТВГ	Тверь, город	Тверская область	Мигалово
IKS	ТСИ	Тикси	Якутия	Тикси
	ТИЛ	Тиличики	Камчатский край	Тиличики
TOF	ТСК	Томск, город	Томская область	Богашёво
	ТАУ	Тура	Красноярский край	Горный
TYD	ТЫД	Тында	Амурская область	Тында
	ПЛХ	Тюмень, город	Тюменская область	Плеханово (МВЛ)
TJM	РЩН	Тюмень	Тюменская область	Рощино
PYJ	ПЛЯ	Удачный	Якутия	Полярный
UUD	УЛЭ	Улан-Удэ, город	Бурятия	Улан-Удэ (Мухино)
		Улан-Удэ, город	Бурятия	Улан-Удэ (Восточный)
ULV	УЛК	Ульяновск, город	Ульяновская область	Ульяновск (Баратаевка)
ULY	УЛС	Ульяновск, город	Ульяновская область	Ульяновск (Восточный)
URJ		Урай	ХМАО	Урай
USK	УСН	Усинск	Коми	Усинск
UIK		Усть-Илимск	Иркутская область	Усть-Илимск
UKG	УКУ	Усть-Куйга	Якутия	Усть-Куйга
UKX	УСК	Усть-Кут	Иркутская область	Усть-Кут
USR	УНР	Усть-Нера	Якутия	Усть-Нера
UFA	УФА	Уфа, город	Башкортостан	Уфа
UCT	УХТ	Ухта	Коми	Ухта
	ХБА	Хабаровск, город	Хабаровский край	Хабаровск (МВЛ)
KHV	ХБР	Хабаровск, город	Хабаровский край	Хабаровск-Новый
KDY	ХДЫ	Хандыга	Якутия	Хандыга (Теплый ключ)
HMA	ХАС	Ханты-Мансийск, город	Ханты-Мансийский АО	Ханты-Мансийск
	ХАУ	Харута	Ненецкий АО	Харута
HTG	ХАТ	Хатанга	Красноярский край	Хатанга
	ХРП	Херпучи	Хабаровский край	Херпучи
	ЧАР	Чара	Читинская область	Чара
CSY	ЧБЕ	Чебоксары	Чувашия	Чебоксары
CEK	ЧЛБ	Челябинск	Челябинская область	Челябинск
CEE	ЧРВ	Череповец	Вологодская область	Череповец
CYX	ЧРС	Черский	Якутия	Черский
HTA	СХТ	Чита	Читинская область	Кадала
CKH	ЧКД	Чокурдах	Якутия	Чокурдах
	ЧМИ	Чумикан	Хабаровский край	Чумикан
EKS	ШАХ	Шахтерск	Сахалинская область	Шахтёрск
	ШУШ	Шушенское	Красноярский край	Шушенское
CKL		Щёлково	Московская область	Чкаловский
	ЭМП	Экимчан	Амурская область	Экимчан
ESL	ЭЛИ	Элиста	Калмыкия	Элиста
DEE	ЮЖК	Южно-Курильск	Сахалинская область	Менделеево
UUS	ЮЖХ	Южно-Сахалинск	Сахалинская область	Хомутово
YKS	ЯКТ	Якутск, город	Якутия	Якутск
	ЯМБ	Ямбург, посёлок	Ямало-Ненецкий АО	Ямбург
	ЯРВ	Ярославль, город	Ярославская область	Левцово
IAR	ЯРТ	Ярославль, город	Ярославская область	Ярославль (Туношна)
